field_id,fp_id,harvest,PAN,WV_450,WV_454,WV_458,WV_462,WV_466,WV_470,WV_474,WV_478,WV_482,WV_486,WV_490,WV_494,WV_498,WV_502,WV_506,WV_510,WV_514,WV_518,WV_522,WV_526,WV_530,WV_534,WV_538,WV_542,WV_546,WV_550,WV_554,WV_558,WV_562,WV_566,WV_570,WV_574,WV_578,WV_582,WV_586,WV_590,WV_594,WV_598,WV_602,WV_606,WV_610,WV_614,WV_618,WV_622,WV_626,WV_630,WV_634,WV_638,WV_642,WV_646,WV_650,WV_654,WV_658,WV_662,WV_666,WV_670,WV_674,WV_678,WV_682,WV_686,WV_690,WV_694,WV_698,WV_702,WV_706,WV_710,WV_714,WV_718,WV_722,WV_726,WV_730,WV_734,WV_738,WV_742,WV_746,WV_750,WV_754,WV_758,WV_762,WV_766,WV_770,WV_774,WV_778,WV_782,WV_786,WV_790,WV_794,WV_798,WV_802,WV_806,WV_810,WV_814,WV_818,WV_822,WV_826,WV_830,WV_834,WV_838,WV_842,WV_846,WV_850,WV_854,WV_858,WV_862,WV_866,WV_870,WV_874,WV_878,WV_882,WV_886,WV_890,WV_894,WV_898,WV_902,WV_906,WV_910,WV_914,WV_918,WV_922,WV_926,WV_930,WV_934,WV_938,WV_942,WV_946,WV_950,WV_954,WV_958,WV_962,WV_966,WV_970,WV_974,WV_978,WV_982,WV_986,WV_990,WV_994,WV_998
g2,201,H1,25.9121,221.5036,227.5972,195.0243,234.4455,236.4446,247.1328,231.3477,252.0317,244.1603,255.1933,253.1156,255.2821,276.6374,294.3459,310.8067,331.815,379.9447,429.4216,483.7557,508.9694,548.1244,570.0642,601.4168,627.1047,645.5129,654.8053,667.5404,648.3205,658.4527,635.0661,622.4207,610.0697,599.9646,584.811,577.7324,567.5135,565.8985,563.725,556.709,554.3788,543.4062,538.1472,539.3022,534.8293,528.5187,518.6254,514.6556,499.1508,484.8382,462.9893,452.5811,442.1993,427.3223,421.595,417.6861,421.9047,445.2162,487.9084,560.6929,667.0717,809.8436,981.381,1168.6121,1362.5601,1561.0223,1762.9613,1966.2414,2169.0651,2362.0925,2531.5357,2671.0322,2792.9091,2906.6798,2982.4169,3036.2891,3083.0845,3122.6112,3155.2984,3192.1946,3228.1781,3260.3114,3288.4536,3306.606,3319.3159,3337.0225,3356.4782,3369.8257,3380.3994,3395.041,3413.411,3426.1953,3433.6279,3437.2397,3445.2574,3458.5004,3478.2802,3501.6128,3522.7959,3537.5949,3549.9705,3567.0167,3576.8574,3581.665,3582.3992,3596.0597,3611.9556,3627.3833,3636.8642,3633.1017,3624.853,3610.776,3596.2244,3588.1498,3588.2568,3584.8497,3578.2857,3539.5169,3484.9375,3424.0354,3350.1427,3285.8547,3250.3844,3211.2422,3165.8588,3149.4272,3093.161,3020.3703,2945.9803,2853.4245,2741.3996,2650.0798,2555.5674,2468.9605,2384.2849,2312.9151,2222.0647,2123.5212,2032.6009
g2,202,H1,26.7736,294.4514,270.9477,287.1808,289.2602,289.2562,299.5977,302.7497,304.2083,321.5383,328.9258,321.6084,342.9239,355.2998,363.2458,382.2558,419.3458,481.4098,490.9972,549.9002,596.0948,607.781,653.1,691.9304,699.064,728.5394,736.2082,734.8807,741.4769,746.8843,742.3612,724.1148,712.8408,720.8787,712.1132,706.8942,705.7344,704.0247,720.9947,705.6715,710.4973,709.0789,699.2743,691.11,687.6442,694.0861,697.0426,692.049,678.4914,665.4149,642.5978,630.527,617.0011,603.1785,593.8486,596.5377,599.1147,616.2858,663.4161,744.4387,862.2683,1008.4557,1179.0539,1352.8874,1530.1006,1716.669,1891.0101,2052.3273,2212.114,2369.6765,2512.4614,2626.2566,2720.3528,2814.882,2898.0114,2954.6199,2988.6584,3017.4282,3037.3479,3063.4598,3101.7779,3136.082,3163.3647,3187.4361,3217.4262,3242.2925,3265.4926,3295.7686,3318.5099,3328.5991,3330.3832,3342.8381,3360.5822,3381.172,3403.1046,3429.4315,3452.7761,3467.7734,3478.0109,3494.5799,3520.1277,3550.5519,3569.5224,3584.547,3592.1409,3608.1466,3621.5441,3634.3281,3646.5948,3660.3267,3678.1811,3696.759,3702.1765,3702.0893,3690.8508,3667.6283,3627.2875,3573.866,3511.8311,3449.6319,3403.096,3353.8828,3293.6794,3223.4117,3137.5568,3054.517,2991.8611,2933.9196,2873.1392,2804.1581,2752.7583,2684.8156,2609.8844,2561.5288,2518.84,2448.2687,2369.5317,2281.9425,2178.8778
g2,203,H1,23.6774,266.5886,259.002,283.8472,290.9954,270.0542,278.0551,320.2224,301.8409,306.0687,316.3602,330.4972,343.1556,346.9827,355.2746,378.3422,429.0991,459.7902,487.0091,515.8193,546.4682,591.9723,606.3099,640.227,642.7207,657.7984,675.8292,684.0012,698.9355,686.6275,682.4895,679.0426,667.159,666.6163,662.852,658.3714,658.1524,662.9129,661.0016,665.8577,660.1083,662.1964,664.1631,654.3556,651.5866,650.2041,660.828,652.4379,645.1441,636.3429,626.4947,615.9937,602.3935,593.4522,588.9615,590.586,599.3959,619.2928,660.7884,722.1729,814.355,938.3372,1082.8612,1235.8977,1392.0097,1545.0278,1692.9039,1846.6541,2000.749,2150.4434,2281.1845,2393.7663,2495.784,2578.3671,2646.643,2690.7368,2728.2646,2758.0403,2780.9632,2807.1851,2840.486,2875.6759,2907.7679,2928.943,2954.2549,2981.0967,3005.471,3023.4425,3031.374,3034.1476,3046.3714,3061.0391,3076.964,3086.9998,3097.0426,3114.4749,3139.6051,3162.9362,3173.0592,3177.5808,3187.4024,3204.2481,3223.1257,3239.5366,3254.0863,3267.2315,3274.4179,3283.9813,3290.6445,3309.0137,3332.6805,3356.0248,3378.5263,3377.1274,3371.9216,3349.1254,3323.5085,3296.6973,3266.3921,3250.9906,3231.8783,3208.6794,3179.5823,3121.9209,3052.8117,2955.3259,2852.2162,2762.5424,2667.8224,2586.8825,2512.442,2423.4223,2343.209,2258.2628,2162.6391,2056.7747,1952.5178,1844.0747,1729.7828
g2,204,H1,26.6925,265.8231,256.4304,258.4201,257.1007,265.037,287.2614,268.5822,267.5816,306.2299,297.1137,312.4005,319.432,337.0881,365.8416,376.0215,396.1853,431.8514,487.3771,538.6423,575.3825,599.4084,635.7682,659.6532,676.5623,698.6813,721.468,713.9042,728.4059,715.3114,692.7367,684.7217,675.4985,663.089,657.9831,653.5307,653.9926,643.3716,650.5813,641.79,632.7067,627.6611,630.6796,628.5672,622.6876,621.1838,613.2128,599.9454,589.6695,575.5992,562.3463,548.9283,529.994,513.385,504.2301,499.8754,509.9936,542.7036,601.5154,697.2593,832.8821,995.7859,1181.1421,1379.9539,1579.7266,1779.9424,1976.3271,2180.8896,2371.0582,2531.5687,2669.2601,2786.8663,2895.1303,2989.3141,3069.3899,3099.8758,3131.2391,3162.4544,3192.7734,3229.7315,3265.3076,3282.1794,3297.699,3324.8807,3357.8163,3373.2423,3373.88,3380.1826,3398.024,3417.1613,3425.1074,3433.5243,3446.3418,3453.6732,3459.5265,3471.2993,3507.0401,3545.4824,3571.2583,3568.7204,3563.8099,3559.8382,3576.371,3594.0817,3614.28,3625.1504,3637.5705,3652.7769,3662.7603,3671.1397,3673.8248,3654.0622,3633.1686,3607.3417,3581.0376,3539.6968,3482.4102,3413.2589,3356.0929,3344.3942,3333.1118,3311.0151,3257.9932,3148.5398,3026.1222,2892.0687,2767.2688,2672.8087,2602.5361,2525.2861,2432.9982,2315.5316,2222.5563,2130.5458,2034.7436,1940.6544,1873.9833,1822.8822,1769.1151
g2,205,H1,27.3315,273.0559,265.2172,272.5323,290.1015,285.7216,308.1478,303.3231,306.5403,321.3005,335.0683,341.8394,319.8319,367.5334,353.6745,396.3174,424.6618,469.839,510.5155,555.6123,603.3923,639.3476,677.1427,697.6377,712.6357,732.3211,759.1236,763.8913,770.3819,754.7473,737.3565,734.9965,714.3111,707.9112,706.5521,698.1657,689.7863,694.4945,688.9444,680.7207,670.0859,658.6888,661.521,655.537,645.2985,646.6024,643.4045,629.1181,621.4265,606.1609,590.15,578.9251,563.5768,548.7859,537.4889,536.4829,544.8349,565.981,615.8273,696.317,808.0363,970.0852,1159.9151,1358.412,1550.5387,1749.1941,1958.5812,2165.205,2368.6371,2551.7515,2721.7342,2876.0372,2996.3933,3105.3113,3178.4064,3244.0378,3285.7785,3322.069,3350.7584,3381.7959,3423.7013,3461.7464,3499.0231,3533.9614,3557.1111,3575.3525,3594.9397,3613.1041,3632.6435,3648.6232,3659.5158,3670.1137,3685.534,3702.0658,3719.9909,3738.4439,3759.1492,3780.3457,3801.9843,3823.3592,3840.5805,3858.4166,3876.6032,3887.8714,3894.788,3901.7285,3903.3779,3902.8752,3899.3628,3892.9657,3892.7061,3894.2821,3898.9399,3890.7269,3875.0455,3852.6656,3815.2435,3787.4298,3744.6153,3692.2994,3635.8912,3564.5128,3496.1107,3421.4727,3353.4492,3304.1549,3243.6117,3175.1735,3099.756,3002.4537,2918.3291,2825.6807,2729.3453,2642.9492,2547.5924,2448.8122,2339.2765,2220.3202,2083.307
g2,206,H1,26.3075,304.9528,325.172,300.5576,305.9123,301.4044,311.4875,307.2675,326.039,320.6314,344.6622,365.9484,354.2237,383.4436,380.0795,411.3311,451.0356,485.1417,512.9932,551.3154,604.822,645.5844,654.782,680.2747,712.0646,728.079,752.8308,746.5859,759.1307,768.7529,755.4137,734.4344,744.9519,724.0441,722.1344,730.5497,711.024,705.5745,712.233,717.4428,718.2379,711.919,701.5601,703.2279,704.3785,702.5704,703.4695,696.7987,682.0014,667.4673,661.2783,641.0688,617.7806,607.8416,602.4636,598.261,600.1378,626.3078,672.4411,741.5417,864.0272,1015.2073,1187.6732,1370.57,1554.1603,1732.1202,1892.0202,2068.219,2244.5485,2390.7821,2523.2085,2636.0838,2736.9197,2823.7074,2895.2378,2940.6451,2970.4967,2995.6374,3020.3431,3045.6449,3075.6111,3110.4825,3145.7873,3173.7874,3197.4944,3221.6262,3246.7959,3269.248,3283.9783,3290.2249,3288.8357,3293.8881,3311.8815,3324.058,3331.2054,3342.2456,3358.2466,3378.2974,3393.5921,3412.1935,3427.8256,3436.5529,3441.2786,3445.7693,3453.5881,3459.6606,3464.7714,3475.0126,3487.5168,3504.8258,3516.3155,3512.4262,3505.4456,3491.3027,3473.3831,3457.0916,3437.8781,3418.5413,3390.4504,3356.0456,3310.3725,3252.2315,3200.659,3152.9172,3099.7833,3061.6197,3020.7718,2955.7665,2885.0618,2801.9312,2699.7204,2585.7469,2470.1086,2343.418,2202.7394,2083.6399,2006.3054,1953.5804,1904.7891
g2,207,H1,26.2509,277.9591,258.8411,256.3867,270.1359,273.2553,280.2029,276.723,280.9881,290.9054,298.4419,301.1051,321.2673,338.7684,356.5718,377.6678,405.8366,453.566,501.7341,544.6271,572.5045,615.3732,643.8029,674.0284,688.9331,710.7667,734.7209,734.946,728.6434,734.7304,718.2955,707.0214,701.0135,683.6359,675.0568,668.6637,666.864,670.5922,671.0392,666.6484,658.6029,659.8,653.619,634.3383,647.534,654.4981,637.1349,632.9625,608.7503,596.0705,592.7934,575.5662,557.5476,546.3666,536.5525,533.5375,539.6689,563.6025,615.4473,696.6739,811.8354,961.0269,1134.5575,1318.8272,1499.4805,1676.0858,1862.9381,2042.1689,2212.6197,2369.2289,2504.8613,2633.9112,2740.5816,2826.9648,2899.8276,2959.1874,2991.5901,3012.444,3032.1993,3053.8038,3077.6579,3111.2949,3150.3538,3186.0974,3206.7974,3229.5701,3257.5278,3282.8242,3299.3184,3313.6654,3332.6763,3347.1493,3348.3806,3349.8468,3359.8873,3377.2707,3400.7416,3438.5181,3471.3264,3496.8598,3508.6883,3522.3626,3544.4975,3570.8475,3584.8238,3591.9702,3595.3864,3607.5854,3624.3329,3636.6746,3644.9433,3649.264,3649.4584,3649.09,3619.1453,3572.3215,3504.6805,3442.7504,3408.7812,3380.5976,3379.0138,3362.7107,3337.5026,3312.5997,3274.3078,3229.3291,3170.7381,3078.797,2987.0514,2880.8426,2762.8707,2644.1138,2532.1313,2432.7208,2337.4983,2286.5071,2259.7363,2237.0229,2194.6154
g2,208,H1,23.7136,224.8096,261.8453,300.2622,315.4224,285.7208,307.7842,312.8284,322.2201,318.661,364.4828,331.0766,349.9722,365.0949,375.8024,411.5732,441.0343,462.8375,495.8862,529.1582,564.4919,618.1026,632.5076,636.5714,660.6419,669.7144,692.4631,690.5763,703.5706,700.9282,692.6889,683.4992,676.1498,676.7515,663.3854,672.5965,676.6572,682.1733,678.1243,680.816,682.0346,674.0454,673.157,678.8763,682.2516,680.8853,685.4593,683.6602,681.6549,672.8951,666.2841,654.0221,638.9292,633.3996,630.9198,630.9695,637.8029,656.4382,694.0318,756.8193,857.439,974.9247,1106.7731,1247.6914,1389.0083,1527.4913,1666.0047,1796.5781,1927.3351,2053.8143,2157.3627,2259.1153,2361.3703,2443.7464,2509.6602,2547.6925,2573.7698,2603.7978,2624.9808,2647.1231,2680.3796,2713.4667,2744.8912,2776.024,2806.0223,2838.2412,2857.0296,2870.2602,2879.7796,2886.8008,2893.954,2910.1823,2928.8756,2949.6628,2966.8811,2984.2371,3004.9934,3032.2697,3060.7849,3082.7721,3103.9892,3129.4488,3155.5556,3176.7235,3193.0902,3190.9601,3192.2952,3194.5465,3212.0289,3236.8823,3260.5604,3281.5849,3277.2368,3268.4597,3257.214,3243.8961,3221.4882,3200.8491,3178.1488,3145.7832,3099.3046,3034.476,2954.6388,2871.3184,2808.5145,2730.6194,2653.0114,2576.1528,2474.6333,2413.4008,2349.4095,2277.4516,2201.1789,2125.8737,2013.6321,1902.6185,1782.7499,1658.0738,1571.492
g2,209,H1,25.967,283.5246,282.0489,282.1668,292.1156,312.3421,307.4203,311.4172,322.5533,340.2251,314.927,338.894,331.3527,376.8461,400.4861,399.69,432.7549,470.8588,539.9374,570.2935,607.8606,635.6516,676.9077,684.5841,724.5494,729.7125,745.0489,759.8177,754.5055,755.1154,748.3294,738.7413,729.6284,730.9606,723.5777,723.1218,721.3833,718.5536,712.6684,722.1697,714.9877,714.8685,710.6049,710.5558,713.6725,709.4218,699.2455,688.4549,674.7983,657.589,638.1374,631.1203,619.7001,608.0081,595.6992,586.5477,599.546,632.5745,690.1412,772.4405,892.0597,1050.8807,1223.4067,1410.8641,1604.7155,1787.1521,1972.2162,2146.6097,2320.4948,2484.3258,2625.2248,2743.5673,2838.9494,2933.4369,3017.806,3077.9061,3104.7129,3132.1115,3157.7292,3179.6052,3219.0272,3258.3981,3270.093,3272.2755,3289.9572,3321.7649,3355.3458,3372.2137,3386.7105,3400.4417,3417.9522,3433.4514,3436.1756,3440.2757,3452.4069,3474.5172,3496.9813,3511.5107,3525.4203,3544.0655,3563.2439,3579.7499,3592.916,3601.9996,3610.867,3620.4229,3626.2881,3624.0662,3618.5874,3620.5231,3624.4307,3633.6486,3643.41,3641.274,3613.3258,3580.6953,3537.1122,3489.5788,3430.9929,3349.528,3260.9079,3177.3553,3123.2433,3079.7455,3019.5082,2930.1275,2856.9236,2773.7975,2681.0237,2611.4096,2545.2297,2457.2738,2382.1866,2301.6974,2196.4138,2123.4817,2080.55,2019.8397,1955.3169
g2,210,H1,22.0876,260.3347,256.1348,282.7276,297.3186,304.6267,305.3544,309.3355,318.7617,338.2284,341.6873,353.8924,351.5263,378.3182,372.6371,398.1375,442.4146,463.4159,505.2211,531.908,566.4076,598.2066,625.8991,651.8351,672.0571,681.617,698.5525,701.0145,702.5981,696.9671,680.9334,685.816,679.3573,685.6379,667.0086,667.8275,663.9832,668.543,666.4027,668.5452,677.2258,680.8397,675.7542,675.6288,670.0474,667.7131,672.7723,666.1622,657.5946,659.6703,654.2806,637.489,632.058,629.1309,617.3468,617.558,629.4703,649.3643,684.5219,757.315,851.8879,957.948,1084.2488,1215.186,1350.828,1478.1073,1602.5045,1723.5662,1854.7638,1981.3761,2077.1284,2160.5937,2233.7314,2302.5207,2368.148,2402.0267,2427.006,2448.5006,2468.1775,2497.5314,2532.4123,2563.654,2584.7823,2601.3385,2620.9554,2642.6027,2660.2103,2675.5283,2688.0392,2707.0534,2727.8467,2732.0023,2732.9159,2742.145,2769.0643,2799.3554,2823.0741,2839.6344,2860.2421,2892.5048,2931.3913,2960.001,2955.8237,2948.6661,2946.6802,2961.93,2976.7619,2992.7063,3011.9719,3033.6919,3058.7431,3073.1833,3059.1726,3039.1646,3014.7669,3003.3891,3002.907,3003.8461,3006.4182,2974.2635,2895.1066,2799.0111,2684.206,2587.9588,2534.2386,2491.67,2445.0447,2390.8173,2310.4187,2231.1149,2149.026,2056.2625,1962.2879,1891.0969,1835.0215,1770.6114,1704.5481,1640.4389,1564.7426
g2,211,H1,23.9187,318.7683,306.4263,297.5721,323.6454,326.1905,325.6412,346.1264,344.2653,360.1928,356.8451,374.8838,387.7173,387.621,398.365,428.5038,472.7815,500.9695,530.67,552.2992,582.4598,622.1077,636.1085,668.848,684.1746,694.4237,704.8588,711.1638,721.9655,731.8449,724.7945,713.036,705.5765,715.7286,707.4574,710.9181,711.2611,715.7336,718.6951,716.1779,712.5381,708.5454,713.2016,713.1554,710.1078,716.0672,710.8453,708.0972,697.4541,680.891,674.2087,662.8797,649.5943,636.6802,627.9898,622.1223,634.7,660.6978,708.1267,783.8303,894.3809,1025.6931,1173.3019,1330.8899,1492.2256,1642.0084,1782.1963,1930.1432,2067.2044,2190.9679,2313.2081,2419.3007,2504.312,2573.0027,2626.4636,2656.6126,2684.2553,2714.9747,2744.3578,2773.3912,2802.8446,2825.8198,2850.0367,2881.7375,2905.9532,2921.8887,2935.7814,2951.1013,2964.0184,2980.5378,2990.9034,2988.8735,2982.4386,2991.6462,3016.1299,3037.0457,3050.3861,3062.6862,3077.6566,3091.7472,3104.1243,3111.418,3118.6024,3118.612,3120.6279,3123.7732,3133.2772,3145.0328,3151.4604,3161.8768,3178.9719,3187.8591,3193.8158,3186.5595,3178.2694,3170.4418,3157.0103,3119.4712,3063.3573,3003.8665,2940.7468,2884.1611,2834.4456,2779.1963,2714.57,2657.669,2593.0218,2525.0091,2459.0909,2387.7447,2317.558,2251.1732,2187.4386,2116.8014,2024.9051,1922.97,1817.929,1757.367,1695.8653
g2,212,H1,27.6813,335.2051,320.2351,286.1244,294.144,320.9144,315.4531,314.1693,323.0495,351.2237,341.1276,348.0988,358.4044,374.0768,384.1192,404.6104,454.2248,491.5952,546.1651,586.3049,638.0108,669.8307,710.2356,722.5514,759.3589,774.9251,793.6528,801.7502,804.8146,797.0561,787.0148,772.1812,755.403,751.5406,739.1009,739.2883,732.9823,726.8246,730.8911,721.2993,714.5634,705.9483,701.7748,699.7149,695.06,691.7297,691.7537,682.0571,661.405,639.8374,632.8685,623.9004,606.1482,593.1812,581.298,570.5853,581.0876,605.705,653.1054,737.7466,864.5744,1026.0974,1217.0874,1422.1577,1629.3972,1838.2619,2043.603,2247.7777,2441.7654,2626.3917,2805.3593,2953.8923,3081.4533,3180.398,3253.8305,3315.403,3370.9369,3405.7066,3434.1942,3462.8632,3492.3874,3537.4153,3581.3742,3614.3938,3643.8337,3672.9853,3699.5859,3712.6424,3720.889,3726.2414,3736.0717,3748.4466,3763.1509,3781.5031,3804.1024,3826.497,3845.5867,3864.5687,3885.017,3906.0661,3924.8879,3939.4433,3954.3576,3965.2312,3977.139,3985.1254,4001.8774,4017.3044,4034.7601,4047.5825,4048.8959,4045.2519,4037.0957,4026.233,3980.0109,3925.3062,3852.5505,3780.1464,3721.9951,3674.3386,3621.6261,3572.1388,3527.0472,3472.1464,3406.8874,3335.231,3245.6596,3155.0821,3078.1106,3002.1096,2942.5203,2892.7017,2836.3016,2766.5687,2679.7194,2619.1008,2569.0356,2499.7575,2415.1615
g2,213,H1,24.3975,311.2814,313.4025,247.2709,262.246,293.1337,282.7908,297.1823,298.2388,304.5619,307.1215,299.4914,335.6244,361.2907,372.3115,381.5121,394.7354,435.1682,475.966,517.9732,542.9088,582.7901,604.2793,634.2017,656.3594,671.4602,688.6095,692.0688,679.0371,693.3347,670.851,670.783,664.2466,661.9766,640.5335,642.9511,639.7588,647.7501,650.2137,647.9383,652.0255,643.5075,636.7845,639.9209,635.5793,639.7524,636.6741,624.9399,617.9901,612.6002,602.8485,593.2345,583.2701,574.947,571.9785,569.3454,564.7194,589.9505,631.5305,700.6762,801.4279,940.1885,1096.595,1263.1192,1427.5173,1586.4621,1746.8372,1903.3099,2051.2653,2185.7488,2308.1366,2417.4226,2519.0261,2619.3165,2680.3603,2712.2187,2742.1785,2773.6774,2794.8033,2817.0293,2864.1066,2915.0446,2948.5816,2969.0529,2985.5223,2996.6428,3012.732,3042.8937,3075.5443,3088.7445,3091.6576,3098.7075,3121.3977,3146.7534,3166.7585,3186.5244,3207.1931,3228.2123,3248.8604,3271.5881,3289.6252,3300.5168,3311.314,3329.2066,3354.1703,3383.2708,3405.6165,3420.0706,3436.1595,3457.0294,3460.0377,3457.8292,3451.5932,3433.1395,3402.1891,3363.5868,3319.4385,3277.7881,3240.5248,3195.081,3141.7435,3109.6201,3100.5552,3099.4734,3098.3838,3077.1708,3043.9181,3011.3288,2979.1543,2938.6841,2852.7382,2746.8063,2619.8772,2481.9562,2347.5281,2319.6511,2313.4047,2305.9417,2290.4534
g2,214,H1,24.4029,303.5028,286.2449,255.3683,291.4742,299.868,298.1182,308.6148,321.6069,331.118,320.3735,331.5463,335.8256,356.2509,386.1038,398.6315,424.5242,458.5058,482.93,535.8703,569.8877,587.3416,622.1116,646.8472,668.9516,690.5181,696.7011,712.5996,688.9239,706.7799,701.7769,701.2431,686.4425,690.2503,677.7629,671.4742,676.3599,669.5511,676.8903,676.8698,673.4608,668.8721,675.2971,663.7362,664.874,672.0359,667.2279,661.4481,658.5711,642.043,632.8407,623.9707,606.604,599.1126,592.9844,584.5998,589.9668,615.7584,666.1028,745.7169,861.165,1000.6956,1157.589,1334.4497,1503.0333,1659.546,1826.3388,1995.837,2141.5076,2278.3817,2400.9956,2506.6644,2600.0298,2671.6597,2732.4168,2776.4762,2818.6752,2851.4474,2874,2899.4396,2936.1516,2976.8332,3011.2282,3038.553,3065.7521,3090.1907,3102.5324,3108.924,3124.5686,3149.5331,3184.4329,3210.1877,3222.3397,3231.2115,3243.5873,3268.9355,3301.6588,3336.0242,3359.859,3373.083,3382.8066,3394.6103,3408.088,3423.9114,3440.0574,3454.4492,3468.5478,3478.1061,3486.3287,3494.9605,3499.1649,3506.1407,3507.9546,3509.8479,3503.7889,3478.2044,3456.6763,3427.3063,3395.377,3343.5839,3264.0703,3181.8218,3121.9146,3092.8687,3082.9039,3067.4575,3014.4355,2938.3652,2845.0515,2748.4601,2655.6777,2589.2593,2521.8888,2475.4275,2424.3784,2364.0976,2292.8903,2225.1822,2144.5715
g2,215,H1,23.5533,257.5221,248.7122,261.3761,282.4066,294.8018,277.7134,294.3505,313.8239,302.577,311.4486,299.7445,336.9772,349.4248,372.5514,387.5125,405.0744,467.2818,493.5683,530.0997,567.179,600.7643,617.1655,661.416,686.1367,688.3225,712.2183,721.0577,726.38,707.1703,707.1543,702.9111,692.8421,688.6582,678.5795,672.8118,689.8934,684.4989,679.1116,679.9848,679.5624,677.2657,674.018,670.4717,674.1506,670.8154,667.1519,666.551,657.4605,638.3401,637.3913,623.3807,611.8989,599.183,590.3756,586.6106,601.5001,623.8346,668.5449,746.358,858.3663,994.198,1142.1007,1290.9008,1431.7876,1570.7085,1702.2896,1834.3057,1958.9264,2065.1315,2159.2421,2249.4567,2334.0629,2394.3964,2444.8972,2482.9667,2515.0722,2525.7095,2546.7874,2597.2314,2641.7499,2666.4424,2689.4349,2702.1039,2711.7439,2725.9759,2740.0447,2755.4183,2781.719,2810.9244,2824.4471,2834.3435,2850.3179,2868.8265,2885.5234,2909.2255,2941.4618,2976.0207,2994.395,3001.9323,3007.6911,3018.6096,3044.1436,3073.8209,3092.9543,3086.1209,3077.802,3078.1337,3115.0219,3160.4251,3209.7612,3209.506,3180.9716,3142.1002,3098.7013,3082.0896,3062.3505,3039.8759,3015.4724,2979.1887,2938.7026,2889.6231,2810.7055,2743.0184,2678.1493,2607.4321,2544.3041,2492.5945,2436.1402,2378.8143,2314.8712,2246.3878,2207.4876,2162.7358,2110.2912,2057.2261,2024.521,1945.7445,1860.043
g2,216,H1,27.3598,279.4583,311.7988,307.344,296.2576,305.7946,336.8673,351.5835,314.4241,324.9384,359.4545,373.6529,348.2493,390.4115,419.8726,445.1238,470.7706,494.4791,538.6273,587.5722,640.9424,667.9059,701.8665,737.5496,759.0805,778.3941,800.5697,811.3647,808.9182,804.3742,792.6008,773.699,765.3849,760.3603,750.263,751.4585,753.6666,741.5992,743.1381,741.0779,727.6249,722.5163,719.7756,720.3279,729.5115,728.9055,716.4616,704.6725,685.48,672.7631,667.0294,641.8521,620.728,612.6664,611.5852,611.1255,612.6456,640.3056,699.3268,792.3209,923.5868,1083.5111,1265.0132,1455.3628,1645.3434,1834.5375,2027.313,2218.588,2381.1157,2538.3284,2692.0133,2810.0148,2901.7836,2987.6275,3071.9597,3111.4368,3140.0156,3165.9801,3195.6216,3239.178,3279.6017,3298.9955,3311.8445,3341.1842,3375.1985,3404.2103,3425.3397,3441.8435,3449.8595,3461.9866,3475.4126,3486.5562,3496.5098,3508.4259,3529.6168,3563.0075,3591.4116,3609.6846,3626.6055,3640.9905,3662.2136,3682.9655,3707.7427,3727.2208,3736.1172,3738.1283,3747.2754,3753.7597,3760.1083,3765.0096,3770.8169,3777.3546,3779.1858,3778.9101,3766.0749,3733.4448,3688.5304,3623.0159,3551.751,3483.3515,3404.5817,3318.4019,3236.3123,3147.1519,3063.8561,2984.3245,2877.8849,2782.9681,2711.1034,2654.0598,2596.9705,2573.5199,2524.1542,2450.7353,2350.5023,2244.2853,2131.4899,2025.4234,1916.9465
g2,217,H1,26.539,231.3232,244.7667,260.5188,279.6199,252.4765,284.2185,274.869,273.8862,281.3759,318.2079,284.7443,327.5078,340.0313,360.6307,388.482,411.754,463.1911,492.7461,543.4626,573.0623,616.7823,648.3475,669.9822,686.2519,704.0021,731.2558,759.8285,753.7498,730.281,724.2654,710.4684,715.4705,699.3725,703.6031,699.2009,699.5701,689.2486,700.025,696.5234,692.1662,679.6221,678.8586,681.6989,682.2418,687.8773,689.3457,677.4998,660.3135,642.9042,629.6734,604.8166,592.7784,584.4601,577.6644,572.3485,578.993,606.1058,656.9648,746.4092,874.3116,1026.5929,1202.8153,1393.233,1589.4535,1775.2581,1958.4706,2150.1631,2335.2591,2505.9053,2649.3158,2766.6567,2866.4602,2948.0836,3021.3445,3067.911,3113.6513,3155.8473,3192.2015,3227.4106,3263.5754,3293.9666,3317.6634,3346.1003,3386.9354,3427.3285,3447.0265,3466.4788,3479.2767,3492.0691,3508.0238,3519.0464,3528.8982,3547.6066,3570.4946,3594.6258,3618.5114,3643.2285,3666.1246,3684.956,3704.335,3730.5194,3752.9042,3774.7428,3787.9583,3786.0095,3782.5588,3783.6288,3798.6537,3819.0585,3841.894,3846.7501,3817.6084,3779.7589,3734.9539,3698.3261,3666.7752,3628.7697,3582.6349,3528.8094,3461.9433,3382.3732,3298.7405,3213.3624,3132.1991,3042.6956,2938.8633,2841.3241,2770.0061,2706.5783,2637.8972,2564.7305,2486.1626,2410.1817,2332.9249,2253.336,2163.9577,2069.7511,1984.8748
g2,218,H1,27.0097,288.3008,305.0088,283.5241,297.0969,300.9426,325.4638,331.2935,329.8891,325.7281,343.926,351.8724,363.9436,363.0471,396.5479,421.5619,475.0789,496.9096,540.3358,581.4734,638.7002,672.5367,695.128,722.815,748.2044,765.2472,786.8811,802.5617,792.1412,786.561,777.2307,757.8059,754.4298,746.1286,742.4503,740.0236,739.901,737.5547,740.6323,731.7404,724.041,716.5925,707.5658,706.2219,712.5139,708.0497,706.4547,694.0563,683.2978,663.6425,653.7047,637.9199,620.2724,613.1911,610.1366,605.0425,610.0185,638.0763,693.7457,776.5946,907.9497,1071.0173,1246.287,1434.2891,1621.2017,1801.6401,1987.421,2171.6398,2340.5796,2495.1938,2629.7982,2745.4795,2846.2774,2928.2481,3003.563,3046.8779,3073.8076,3112.6343,3143.9738,3173.5174,3214.2659,3250.3137,3276.7808,3303.805,3336.5195,3362.6534,3366.5923,3371.8963,3385.227,3399.7343,3417.556,3427.675,3439.8348,3450.7223,3467.9029,3485.4073,3501.6655,3521.3504,3545.9968,3566.706,3582.1948,3594.1521,3604.8227,3612.0003,3624.9282,3647.7668,3670.0352,3689.1339,3686.3569,3678.7553,3675.5125,3683.4472,3689.2504,3683.4357,3671.8775,3643.9459,3616.3116,3572.2972,3507.4946,3430.1376,3341.0803,3264.1824,3202.1831,3169.4322,3146.5622,3101.1342,3014.5677,2899.8758,2762.5312,2615.0464,2505.4854,2407.2578,2296.1604,2203.4298,2103.7246,2008.5381,1910.3334,1848.6037,1789.3481
g2,219,H1,21.806,253.6079,267.8954,271.7237,272.618,282.1773,284.5496,284.8703,295.0242,301.8417,315.9762,311.392,333.6041,334.1278,341.6144,374.4294,394.791,426.2976,453.0331,505.5777,517.9356,555.0167,568.708,595.4278,608.1961,625.6961,636.5883,646.6603,653.1786,653.4494,643.0285,635.4441,633.5959,626.3242,632.6509,628.7044,629.4665,628.5829,632.4125,634.0992,638.8918,638.5891,632.8102,631.0559,637.3017,641.8138,637.5283,634.7334,636.0491,628.132,623.2314,606.3471,601.5995,598.822,596.1979,591.0035,602.7003,624.2512,667.7843,735.1738,823.9481,941.0089,1068.128,1198.397,1332.8446,1457.7554,1580.8503,1706.5574,1831.1011,1940.2066,2034.295,2118.8109,2190.2753,2259.3548,2328.4648,2372.898,2397.7995,2419.6237,2444.0638,2469.9196,2502.6877,2537.5147,2564.5831,2588.7577,2617.1646,2644.9871,2664.078,2680.3852,2699.4876,2720.7171,2739.3267,2751.8844,2768.7062,2784.8155,2805.453,2832.9313,2862.7482,2889.754,2910.4681,2931.8461,2952.4026,2972.3628,2985.5975,3001.491,3014.1194,3027.2844,3038.5895,3056.9402,3081.5814,3112.4612,3131.6771,3145.8012,3142.3708,3128.5233,3114.5315,3098.1771,3080.7984,3071.3325,3060.3019,3047.4679,3032.6881,2977.8118,2911.7971,2836.7689,2736.3834,2657.9346,2595.3183,2530.3823,2481.4314,2460.7973,2425.976,2384.1231,2352.2687,2288.3674,2188.9553,2079.143,1962.029,1815.8094,1666.2306
g2,220,H1,24.2715,285.7742,208.3306,227.1511,247.8432,243.5873,253.6976,247.5692,266.0552,279.0655,257.514,275.5845,277.0237,305.9242,327.6923,324.4207,366.2652,389.1148,442.0604,486.171,512.4641,543.7655,569.1865,600.5479,622.6055,632.2925,645.127,661.1706,652.5417,647.0173,651.8969,629.688,624.9281,632.0488,628.6397,603.843,610.9309,626.8621,625.5119,619.6414,616.5496,609.8478,605.1848,605.1007,600.5117,603.2895,602.3686,593.4522,586.2461,579.9783,570.459,557.1763,548.3316,540.0784,528.4702,527.9408,530.9878,546.8084,585.2636,645.5025,740.7283,874.9249,1021.1829,1187.8592,1357.4745,1523.2073,1694.435,1865.7231,2025.7217,2172.1606,2308.7197,2420.2371,2521.2094,2609.9585,2679.7765,2738.0348,2782.9044,2808.5156,2828.3593,2849.7394,2887.5043,2940.1162,2986.1572,3018.41,3050.5153,3067.7563,3082.8731,3104.9413,3131.6366,3156.4256,3165.7474,3174.0168,3195.3335,3222.8302,3250.8657,3260.1909,3270.4778,3287.2819,3314.8395,3344.298,3375.1783,3407.0873,3443.437,3474.0467,3487.8493,3499.0304,3512.8497,3527.4821,3536.2844,3540.3339,3540.3329,3543.22,3561.2963,3584.4479,3584.6323,3569.357,3543.7983,3519.3322,3490.8166,3450.0313,3400.5337,3326.5944,3261.2235,3206.3461,3147.725,3088.2574,3055.5131,3008.7132,2941.3276,2871.1597,2810.1404,2744.3776,2683.8071,2633.1412,2575.3124,2496.8265,2403.9386,2300.1167,2178.0797
